{"cameraMode":{"drawMode":0,"name":"Shaded","section":"Shading Mode"},"sceneLighting":false,"audioPlay":false,"sceneViewState":{"m_AlwaysRefresh":false,"showFog":false,"showSkybox":false,"showFlares":false,"showImageEffects":false,"showParticleSystems":false,"showVisualEffectGraphs":true,"m_FxEnabled":true},"in2DMode":false,"pivot":{"x":-0.06556244194507599,"y":0.019327417016029359,"z":-0.10921056568622589},"rotation":{"x":-0.011538726277649403,"y":-0.34888944029808047,"z":0.00428526196628809,"w":-0.937113881111145},"size":0.023920655250549318,"orthographic":false}