{"cameraMode":{"drawMode":0,"name":"Shaded","section":"Shading Mode"},"sceneLighting":false,"audioPlay":false,"sceneViewState":{"m_AlwaysRefresh":false,"showFog":false,"showSkybox":false,"showFlares":false,"showImageEffects":false,"showParticleSystems":false,"showVisualEffectGraphs":true,"m_FxEnabled":true},"in2DMode":false,"pivot":{"x":-0.00014102458953857422,"y":0.2988893687725067,"z":-0.0008609890937805176},"rotation":{"x":-0.12202112376689911,"y":-0.3207875192165375,"z":0.04170805960893631,"w":-0.9383624196052551},"size":0.40156877040863039,"orthographic":false}